{
    "diabetes_readmission": {
        "all": {
            "metrics": {
                "id_test": [
                    0.6592022393282015,
                    0.6552367623046419,
                    0.6573361324935852,
                    0.6585024492652204,
                    0.6592022393282015
                ],
                "ood_test": [
                    0.6132671480144405,
                    0.6193297755454403,
                    0.6194082561607283,
                    0.6175443415476377,
                    0.618309527546696
                ]
            },
            "train_shifts": {
                "informativeness": [
                    0.08150938344263611,
                    0.09765439168122926,
                    0.0769582246753754,
                    0.07995913423984025,
                    0.09434073510650823
                ],
                "invariance": [
                    0.47376666003022344,
                    0.5052736429960194,
                    0.5202599398917215,
                    0.50106887929237,
                    0.4748092125273971
                ],
                "label_shift": [
                    0.03628991352087714,
                    -0.009346405137186972,
                    -0.011277179440152042,
                    0.045563915624413955,
                    0.017063802684933335
                ],
                "latent_covariate_shift": [
                    0.5321431298876272,
                    0.555204119621444,
                    0.5801056193296379,
                    0.5643751045380802,
                    0.5267163095507855
                ],
                "concept_shift": [
                    -0.003444214526784767,
                    0.00430000519819954,
                    0.00035605936890288186,
                    -0.00030435499069981733,
                    0.003798339795218044
                ],
                "residual": [
                    0.07220423048960765,
                    0.07233933928416231,
                    0.04777831494051662,
                    0.048898383110287096,
                    0.06904814800494154
                ],
                "overall": [
                    0.058360451905561314,
                    0.04345708554208598,
                    0.05328613004928951,
                    0.08564799905996512,
                    0.05787886705811855
                ]
            },
            "test_shifts": {
                "informativeness": [
                    0.08079956308974971,
                    0.08009164441724831,
                    0.08214293420753056,
                    0.07771210463431252,
                    0.08585157472601655
                ],
                "invariance": [
                    0.00010820212806625991,
                    0.00010820212806625991,
                    3.6067376021979855e-05,
                    0.00010820212806625991,
                    1.1211992763352213e-15
                ],
                "label_shift": [
                    0.004846140057517383,
                    -0.0031860557237144184,
                    0.010602709404779245,
                    0.003852789017518091,
                    0.0034942709089483778
                ],
                "latent_covariate_shift": [
                    0.0,
                    0.0,
                    0.0,
                    0.0,
                    0.0
                ],
                "concept_shift": [
                    1.6017132519074588e-16,
                    4.805139755722377e-16,
                    4.805139755722377e-16,
                    4.805139755722377e-16,
                    4.805139755722377e-16
                ],
                "residual": [
                    0.055516708753966644,
                    0.05052442213849378,
                    0.051446226863273846,
                    0.048581923959520205,
                    0.054421778581240976
                ],
                "overall": [
                    0.027651823300508548,
                    0.02792009335286396,
                    0.03598002835863511,
                    0.031002474119518002,
                    0.03317693159924898
                ]
            }
        }
    },
    "acsfoodstamps": {
    "all": {
      "metrics": {
        "id_test": [
          0.8477260009157044,
          0.8471282494785572,
          0.8474843567177087,
          0.847891336419596,
          0.8469629139746655
        ],
        "ood_test": [
          0.8202054093866361,
          0.8192438315806703,
          0.8200008183640902,
          0.8195711772167438,
          0.821064691681329
        ]
      },
      "train_shifts": {
        "informativeness": [
          0.20312540810514687,
          0.1879508311733213,
          0.19161588545735958,
          0.19949548915043436,
          0.20276434506778757
        ],
        "invariance": [
          0.04096046094923558,
          0.031656271551223567,
          0.0383086635957523,
          0.04652524084370587,
          0.053182442596091895
        ],
        "label_shift": [
          0.0025531741484916604,
          0.004125670630294542,
          0.023078279293462622,
          0.0035798866039348847,
          0.013782104597535327
        ],
        "latent_covariate_shift": [
          0.043862622086933506,
          0.045804325502795444,
          0.04685075684481792,
          0.04018502610535991,
          0.06303310464180154
        ],
        "concept_shift": [
          0.004406386562068396,
          -0.003901292099836009,
          -0.0017861003692104175,
          0.007586146326763668,
          -0.0021347898529417847
        ],
        "residual": [
          0.136405104743125,
          0.14525415540676706,
          0.126600910117475,
          0.11459768455046591,
          0.15431132374781495
        ],
        "overall": [
          0.06724477772408244,
          0.05378418410740546,
          0.08171821179575389,
          0.07972456736938106,
          0.06133679956806601
        ]
      },
      "test_shifts": {
        "informativeness": [
          0.20151384827905458,
          0.1914768646471077,
          0.20525016406786606,
          0.20561605746298112,
          0.20879500045574395
        ],
        "invariance": [
          3.6067376021979855e-05,
          0.00021640425613396138,
          0.00021640425613396138,
          3.6067376021979855e-05,
          1.1211992763352213e-15
        ],
        "label_shift": [
          -0.0052576940541291944,
          -0.008182495235976696,
          0.01895057820284392,
          0.007501976413225668,
          0.0001252674921296369
        ],
        "latent_covariate_shift": [
          0.0,
          0.0,
          0.0,
          0.0,
          0.0
        ],
        "concept_shift": [
          0.0009016844005559033,
          0.0019115709291780665,
          0.0020197730572451274,
          0.0010820212806669238,
          0.0014066276648668247
        ],
        "residual": [
          0.13224066755572364,
          0.12483467930754127,
          0.11915004324014318,
          0.11573305146428291,
          0.14141537021570824
        ],
        "overall": [
          0.06617545780797743,
          0.06148695012892208,
          0.0944573212724553,
          0.09307494987696659,
          0.06673895015366657
        ]
      }
    }
  },
    "brfss_diabetes": {
      "all": {
        "metrics": {
          "id_test": [
            0.8768179341994486,
            0.876405236310811,
            0.8768757119038579,
            0.876306188817538,
            0.8767271406639484
          ],
          "ood_test": [
            0.8324298507462686,
            0.8312835820895522,
            0.8325492537313433,
            0.8321767164179105,
            0.8327546268656716
          ]
        },