{
    "diabetes_readmission": {
        "all": {
            "metrics": {
                "id_test": [
                    0.6060181945416375,
                    0.5836249125262422,
                    0.609050618147889,
                    0.6139491485887567,
                    0.6109167249825053
                ],
                "ood_test": [
                    0.5682388949929368,
                    0.5767344215978654,
                    0.5813059174383928,
                    0.5777154292889656,
                    0.5763812588290692
                ]
            },
            "train_shifts": {
                "informativeness": [
                    -0.002569174991166834,
                    0.01971085963123422,
                    0.0425332069840304,
                    0.02307171487373835,
                    0.05294974925037117
                ],
                "invariance": [
                    0.21700431776719084,
                    0.18027900541007935,
                    0.14276101972165953,
                    0.24974505265870867,
                    0.3194422956727695
                ],
                "label_shift": [
                    0.009427624607058585,
                    0.008211833438595275,
                    0.009415054192016855,
                    0.046756569130093295,
                    0.026717472657054094
                ],
                "latent_covariate_shift": [
                    0.24405895338820607,
                    0.19553615463304963,
                    0.1466198706947878,
                    0.25285201273420155,
                    0.3071060324041662
                ],
                "concept_shift": [
                    0.022376782274879336,
                    0.02567981342965609,
                    0.019295654548217436,
                    0.01994840545770803,
                    0.031228941646660062
                ],
                "residual": [
                    0.011170867352203922,
                    0.0005315907703801836,
                    0.041797827897752306,
                    0.008446479424271484,
                    0.024012729000749987
                ],
                "overall": [
                    -0.006687303366773513,
                    0.01807385347680876,
                    -0.0022754956052580613,
                    0.029582797323405942,
                    0.02051315412051654
                ]
            },
            "test_shifts": {
                "informativeness": [
                    0.034435241872328555,
                    0.031394276612800705,
                    0.03393569219142395,
                    0.032914943196700956,
                    0.04059716060395658
                ],
                "invariance": [
                    0.0016438712711989234,
                    0.0012935631049408429,
                    0.002407735405577882,
                    0.003261064845865185,
                    0.003597086007653329
                ],
                "label_shift": [
                    0.02403305134042377,
                    -0.010473460346803408,
                    0.0149322319899375,
                    0.014223443119340099,
                    0.014186947833750813
                ],
                "latent_covariate_shift": [
                    -0.00015552030049276595,
                    0.00012228023419173857,
                    0.0001941062477264966,
                    8.718467180022585e-05,
                    4.095950262702292e-05
                ],
                "concept_shift": [
                    -0.0007994124934001421,
                    0.003166168931324887,
                    -0.0021719703993200693,
                    -0.0018535741263517366,
                    0.0021874518949462143
                ],
                "residual": [
                    0.02302374878590581,
                    0.0128403296621401,
                    0.022247789152959798,
                    0.019695025653807985,
                    0.02812715309948632
                ],
                "overall": [
                    0.022928029217488856,
                    0.011148490876221901,
                    0.01913318965416724,
                    0.019671486078706404,
                    0.0166916922213594
                ]
            }
        }
    },
    "acsfoodstamps": {
        "all": {
            "metrics": {
                "id_test": [
                    0.844114056061454,
                    0.8444574451849214,
                    0.8449152973495447,
                    0.8451569415475403,
                    0.8452841227043801
                ],
                "ood_test": [
                    0.8141495151192766,
                    0.8137607921764393,
                    0.8154998158680797,
                    0.8147837472891689,
                    0.8125332460411637
                ]
            },
            "train_shifts": {
                "informativeness": [
                    0.18953287305593464,
                    0.1867419001618032,
                    0.17686445137551343,
                    0.19807261640296492,
                    0.18588830790494282
                ],
                "invariance": [
                    0.19478814967317967,
                    0.22151141609991146,
                    0.16273295655506467,
                    0.1788275036561085,
                    0.20413459926184832
                ],
                "label_shift": [
                    0.0005426996025529013,
                    0.011495101741807803,
                    0.010381710945564051,
                    -0.003627255950403845,
                    -0.016604664449049972
                ],
                "latent_covariate_shift": [
                    0.21710443674935273,
                    0.2481215944342614,
                    0.18615957784551299,
                    0.200654908398153,
                    0.22819879222667078
                ],
                "concept_shift": [
                    0.0028814975827729274,
                    0.0010918005095017919,
                    -0.0011133073826831126,
                    0.0018818910574722784,
                    -0.0008178983056011366
                ],
                "residual": [
                    0.1350570478366107,
                    0.12156303517370012,
                    0.12130377508834717,
                    0.12575520894228093,
                    0.11764579565446782
                ],
                "overall": [
                    0.06446456976730044,
                    0.08368560477143105,
                    0.07302149609651401,
                    0.08047653632776819,
                    0.0723812256611618
                ]
            },
            "test_shifts": {
                "informativeness": [
                    0.19508891469667886,
                    0.19619787092575242,
                    0.18403001869680008,
                    0.19157364845080266,
                    0.1891138954152464
                ],
                "invariance": [
                    0.0009016844005559033,
                    0.00032460638419910007,
                    0.0001442695040896813,
                    0.0006852801444230632,
                    0.00018033688011053996
                ],
                "label_shift": [
                    0.006421396335788618,
                    0.01591107704432322,
                    0.006932612540188624,
                    -0.005042591908839373,
                    0.00503433402204262
                ],
                "latent_covariate_shift": [
                    0.0,
                    0.0,
                    0.0,
                    0.0,
                    0.0
                ],