{
    "diabetes_readmission": {
      "all": {
        "metrics": {
          "id_test": [
            0.5838581758805692,
            0.4231397247492419,
            0.5838581758805692,
            0.41614182411943085,
            0.5071145323069746
          ],
          "ood_test": [
            0.506690472453304,
            0.4947614189295244,
            0.5061607283001098,
            0.4936234500078481,
            0.5416732067179406
          ]
        },
        "train_shifts": {
          "informativeness": [
            0.06424262110094782,
            0.04378436579996936,
            0.04256695576240473,
            0.036222266559823295,
            0.058847508799246884
          ],
          "invariance": [
            0.12906706925108738,
            0.16998709358259576,
            0.18126359152590357,
            0.1471849372650712,
            0.12270334764978887
          ],
          "label_shift": [
            0.02638410526607957,
            -0.01838622152470267,
            -0.003955615044898518,
            0.017220874072222715,
            0.021317624040964732
          ],
          "latent_covariate_shift": [
            0.13752992168425268,
            0.177359327595841,
            0.20368941559883852,
            0.14386644043702435,
            0.1243675566992708
          ],
          "concept_shift": [
            0.019559175424127953,
            0.0069323036996478855,
            0.007027921825682467,
            0.01807054650430447,
            0.0075618816861524885
          ],
          "residual": [
            0.06420251530380224,
            0.059494323748063356,
            0.04369077661012627,
            0.028236214336105035,
            0.05818933114394095
          ],
          "overall": [
            0.007683996934704049,
            -0.024683103553646654,
            0.004597322753455445,
            0.005901967593653953,
            0.008368153357453015
          ]
        },
        "test_shifts": {
          "informativeness": [
            0.04236858125336297,
            0.04900116797333198,
            0.04782316443001725,
            0.035290906183141096,
            0.0412684072514575
          ],
          "invariance": [
            1.1211992763352213e-15,
            1.1211992763352213e-15,
            0.00010820212806625991,
            0.00010820212806625991,
            0.0006612352270741155
          ],
          "label_shift": [
            0.024935935190454044,
            0.018293999773791786,
            -0.009690800451392128,
            0.0029193113970378735,
            -0.0004192770193352309
          ],
          "latent_covariate_shift": [
            0.0,
            0.0,
            0.0,
            0.0,
            -2.40449173489476e-05
          ],
          "concept_shift": [
            3.6067376022940885e-05,
            4.805139755722377e-16,
            3.6067376022620544e-05,
            3.60673760223002e-05,
            -2.404491734750606e-05
          ],
          "residual": [
            0.04236858125336297,
            0.04900116797333198,
            0.04783327838399599,
            0.03525815028548193,
            0.0412828744851694
          ],
          "overall": [
            0.012449933907214994,
            0.009146999886895088,
            -0.004927648931719236,
            0.0014202768441338234,
            -0.0005547233569173013
          ]
        }
      }
    },
    "acsfoodstamps": {
    "all": {
      "metrics": {
        "id_test": [
          0.8091010835834562,
          0.8091010835834562,
          0.8091010835834562,
          0.8091010835834562,
          0.8091010835834562
        ],
        "ood_test": [
          0.7801260280698883,
          0.7801260280698883,
          0.7801260280698883,
          0.7801260280698883,
          0.7801260280698883
        ]
      },
      "train_shifts": {
        "informativeness": [
          0.08621114728027039,
          0.12318486422641398,
          0.07922887709808224,
          0.08185058150904113,
          0.09626899540557012
        ],
        "invariance": [
          0.0666113103473088,
          0.3431261813684323,
          0.2372934448919498,
          0.052012992080816736,
          0.0551958583694667
        ],
        "label_shift": [
          0.005360882468015512,
          -0.008034686511923659,
          0.012164565531347319,
          0.022607358046668594,
          0.019761674671666694
        ],
        "latent_covariate_shift": [
          0.07727311639138779,
          0.3574452906985306,
          0.23918319496394305,
          0.058870238502787796,
          0.054468297617932496
        ],
        "concept_shift": [
          0.005094008016849786,
          0.0016382430492903992,
          0.017021629893597626,
          0.005584332858851556,
          0.0045425038934061085
        ],
        "residual": [
          0.08115766271432862,
          0.10162644297088597,
          0.0693076564035386,
          0.08281442038397524,
          0.09374102078587528
        ],
        "overall": [
          0.010517824813564142,
          0.023881511139970113,
          0.008437563549415106,
          0.010976296929959953,
          0.009773779633058047
        ]
      },
      "test_shifts": {
        "informativeness": [
          0.09181658473067209,
          0.12683734958319842,
          0.1061998695099638,
          0.09941962319308247,
          0.10759444059896986
        ],
        "invariance": [
          0.002212874522525929,
          0.003570670226199391,
          3.8356141697685015e-05,
          0.0003773909528709181,
          0.0014715252135055687
        ],
        "label_shift": [
          0.00917477566033923,
          0.0018154010887858228,
          0.011144749662646052,
          0.013254297472435284,
          -0.005711949345961837
        ],
        "latent_covariate_shift": [
          0.00019645937377724628,
          0.0,
          0.0005955037164189842,
          0.00024777823666362797,
          0.0015637122961495102
        ],
        "concept_shift": [
          0.0008443968071653329,
          0.0017312340490667256,
          8.711088097754475e-05,
          0.0022695437129665653,
          0.00190422492087878
        ],
        "residual": [
          0.08364020216466912,
          0.1268128557101482,
          0.10546244732933059,
          0.09651906352188436,
          0.11507483932421751
        ],
        "overall": [
          0.011333364418215558,
          -0.001718757720189923,
          0.006544815358828102,
          0.008328130192828825,
          -0.011242392317345987
        ]
      }
    }
  },
  "brfss_diabetes": {
    "all": {
      "metrics": {
        "id_test": [
          0.12722650510919986,
          0.8727734948908001,
          0.12722650510919986,
          0.12722650510919986,
          0.8727734948908001
        ],
        "ood_test": [
          0.17419462686567164,
          0.8258053731343283,
          0.17419462686567164,
          0.17419462686567164,
          0.8258053731343283
        ]
      },
      "train_shifts": {
        "informativeness": [
          0.0003050285603163042,
          0.006353123896617294,
          -0.0010010074283058276,
          -0.0014100705133167542,
          0.004668198774921526
        ],
        "invariance": [
          0.0030896256060867094,
          0.004149011200461857,
          0.0041692074926089305,
          -0.00022546597897428277,
          0.00235693287894551
        ],
        "label_shift": [
          0.016503870040475738,
          0.0034880909731430047,
          0.009278979995006658,
          0.0026974630422084062,
          0.008485542714196345
        ],
        "latent_covariate_shift": [
          0.003989278596810344,
          0.000932925384347966,
          0.002114230472624217,
          0.000778033966010561,
          0.0027398988736111298
        ],